AlphaRapture,ALPHARAPTURE
Bluevasters,BLUEVASTERS
Chakkers,CHAKKERS
CreepyCrawly,CREEPYCRAWLY
Data Stream,DATA STREAM
Fakter1,FAKTER1,FAKTERT
Fireclaw45,FIRECLAW45,FIRECLAW4S
Hakan34,HAKAN34,HAKANS4
Isnotlupus,ISNOTLUPUS
Jazzblast14,JAZZBLAST14
Jazz,JAZZ
JBStuka,JBSTUKA
Jcmicon1,JCMICON1
Kenucme,KENUCME
KrotosPrime,KROTOSPRIME
Kurogane,KUROGANE
Legend,LEGEND
Lord Dragir,LORD DRAGIR
Megabolt37,MEGABOLT37,MEGABOLTI7
Megastorm57,MEGASTORM57,MEGASTORMS7
MiVe,MIVE
Mrfnuts,MRFNUTS,MRENUTS
MrWonton,MRWONTON
Nutcracker2k,NUTCRACKER2K
Olevelo,OLEVELO,QuEVELO
Peter31283,PETER31283
Ponkimus,PONKIMUS
Preacher,PREACHER
Rabidwolf,RABIDWOLF
Raymond,RAYMOND
Sentinel Rob,SENTINEL ROB
Sentinel,SENTINEL
Shogun Prime,SHOGUN PRIME
Silverbolt81,SILVERBOLT81
SparkStorm,SPARKSTORM
Strefajone,STREFAJONE
TimBone,TIMBONE
Townbizzness,TOWNBIZZNESS
Ultra Magnus,ULTRA MAGNUS,ULIKA MAUNUS
Wingzerox8,WINGZEROX8
Wuyunjea281,WUYUNJEA281
Zeroth Law,ZEROTH LAW
